year,month,scraped_category,raw_col_1,raw_col_2,raw_col_3,raw_col_4,raw_col_5,raw_col_6,raw_col_7,raw_col_8,raw_col_9,raw_col_10,raw_col_11,raw_col_12,raw_col_13,raw_col_14,raw_col_15,raw_col_16,raw_col_17,raw_col_18,raw_col_19,raw_col_20,raw_col_21,raw_col_22,raw_col_23,raw_col_24,raw_col_25,raw_col_26,raw_col_27,raw_col_28
2024,5,General,Number - Outstanding (as on month end),Credit Card,Debit Card,,,,,,,,,,,,,,,,,,,,,,,,,
2024,5,General,ATMs & CRMs,PoS,Micro ATMs,Bharat QR Codes,UPI QR Codes,Credit Cards,Debit Cards,Card Payments Transactions,Cash Withdrawal,Card Payments Transactions,Cash Withdrawal,,,,,,,,,,,,,,,,,
2024,5,General,at PoS,Online (e-com),Others,At ATM,at PoS,Online (e-com),Others,ATM,PoS,,,,,,,,,,,,,,,,,,,
2024,5,Public Sector Banks,1,BANK OF BARODA,8176,2517,39897,45057,14450,1922961,2575688,81434285,2470100,9493880,2402078,15777419,0,0,17763,87328,4060091,9357492,421604,2692827,18,45,24590143,120753592,373,377
2024,5,Public Sector Banks,2,BANK OF INDIA,5329,2900,42374,19340,0,1113311,75336,44929324,143662,573536,61062,296087,0,0,9689,59059,2724465,5739175,765846,1257957,0,0,15636632,65213405,287,308
2024,5,Public Sector Banks,3,BANK OF MAHARASHTRA,2045,161,1470,1774,355014,895552,32777,13709988,49219,222031,18850,108293,0,0,920,4589,1286840,2282504,297954,573637,5802,65309,5820990,26092948,0,0
2024,5,Public Sector Banks,4,CANARA BANK,8281,3958,77111,13167,0,2514139,887767,57401577,1019280,3831236,416920,2286618,0,0,92442,509330,6713398,18546497,1130350,4090723,4045,63496,32083461,155827575,515,430
2024,5,Public Sector Banks,5,CENTRAL BANK OF INDIA,2857,1144,3119,2453,21273,1337330,0,28627001,0,0,0,0,0,0,0,0,1654335,4073860,260602,792563,0,0,8879663,41610041,2309,3356
2024,5,Public Sector Banks,6,INDIAN BANK,4440,612,21606,11588,0,2686640,226552,32302570,204108,904503,124737,1076333,0,0,5059,37399,3485227,8644831,808992,1774296,490,7927,20287507,96856465,1540,1524
2024,5,Public Sector Banks,7,INDIAN OVERSEAS BANK,2773,732,0,6738,0,375754,79414,18545083,71419,209246,21698,74953,0,0,2530,12548,2531162,6007696,518093,1141365,0,0,12084295,51544451,0,0
2024,5,Public Sector Banks,8,PUNJAB AND SIND BANK,1021,27,725,1094,872,124754,0,3902727,0,0,0,0,0,0,0,0,356354,889714,139777,337154,0,0,1503131,7312667,0,0
2024,5,Public Sector Banks,9,PUNJAB NATIONAL BANK,7781,4309,37370,0,672418,637818,532295,40411045,402065,1651440,231787,1338310,2,145,9798,29865,4771925,12147127,1593517,3539086,0,0,26523773,135533618,0,0
2024,5,Public Sector Banks,10,STATE BANK OF INDIA,24235,38570,1382550,51262,899360,4115457,19117365,231350829,27073289,109108278,32616731,154646127,0,0,137149,578502,34782372,85738372,8045909,20464315,1033,13834,161954495,849079191,20051,18850
2024,5,Public Sector Banks,11,UCO BANK,2243,228,10800,3568,455,1093975,0,12900680,0,0,0,0,0,0,0,0,1025460,2607331,570014,1168146,913,16327,6560752,30782043,777,802
2024,5,Public Sector Banks,12,UNION BANK OF INDIA,7681,2010,42290,8001,269498,283574,783921,54841108,601928,2655575,1339957,2992100,0,0,13153,59028,5380225,12227583,2555936,5693156,2581,10014,44944003,138159768,3869,3497
2024,5,Private Sector Banks,13,AXIS BANK LTD,6296,8810,1857120,541,778059,83438750,14340543,35813397,32435706,80888525,23311525,111362891,0,0,86303,407758,5560061,17304046,2500082,12255050,13718,361249,19108778,120589541,0,0
2024,5,Private Sector Banks,14,BANDHAN BANK LTD,433,5,59262,0,0,0,0,5669330,0,0,0,0,0,0,0,0,275320,865465,92867,372834,0,0,2267221,12635959,192,202
2024,5,Private Sector Banks,15,CITY UNION BANK LTD.,1144,530,7016,67443,0,70715,28055,2799359,52026,274017,31693,275474,0,0,386,1870,420970,1229480,40094,127255,0,0,2634987,14550510,0,0
2024,5,Private Sector Banks,16,CSB BANK LTD.,701,48,0,0,11439,0,104120,879581,183223,643066,594220,1310228,0,0,0,0,169492,366689,15569,45991,2,20,437145,2220364,3,1
2024,5,Private Sector Banks,17,DCB BANK LTD,413,5,8034,0,13759,0,0,907416,0,0,0,0,0,0,0,0,86231,252815,40773,156011,278,8035,290078,1543549,0,0
2024,5,Private Sector Banks,18,DHANALAKSHMI BANK LTD,241,39,1519,0,0,33438,11610,541949,24326,56813,6617,27506,0,0,251,832,171790,344331,8159,22413,0,0,449860,2019848,0,0
2024,5,Private Sector Banks,19,FEDERAL BANK LTD,1695,335,20281,589,1815,5260484,985499,13628382,1902127,6597729,1813295,9933501,0,0,4261,19811,3451855,8300169,1349704,5688210,2859,44468,8256521,42483527,42,39
2024,5,Private Sector Banks,20,HDFC BANK LTD,12062,9070,1487521,4745,1950894,575652,21111287,55912530,60033185,162511296,32790331,251553515,0,0,215580,1351133,12097915,41634530,7785767,34427313,76876,1186033,36659269,239575569,491,504
2024,5,Private Sector Banks,21,ICICI BANK LTD,10103,6957,1726830,9840,589902,3530011,17084977,32215894,19821248,99084962,47699861,220787826,59,5272,73163,355368,7734235,26948577,3170279,20293907,8657,187992,17148228,120788815,1,0
2024,5,Private Sector Banks,22,IDBI BANK LTD,2328,970,14062,1539,11144,308455,35605,11933852,72223,281212,57979,207635,0,0,484,2791,1336242,3175562,255513,747499,0,0,5520011,27950539,95,41
2024,5,Private Sector Banks,23,IDFC FIRST BANK LTD,894,308,45494,8956,0,38079,2743113,6556382,7492564,17520125,1871097,12410741,0,0,29012,128038,719622,2118474,259720,2033641,0,0,4138363,20512513,0,0
2024,5,Private Sector Banks,24,INDUSIND BANK LTD,1854,1133,227165,146,59473,6134945,2966866,11138295,3929570,24762417,5148666,57552722,0,0,26682,139424,857182,2379727,642574,3147034,1062,81525,4151342,24152175,0,0
2024,5,Private Sector Banks,25,JAMMU AND KASHMIR BANK LTD,943,628,14308,942,0,436489,120028,4389112,197898,1636234,106537,399430,0,0,9702,37698,976180,2496798,1339753,806157,0,0,5713004,29607393,0,0
2024,5,Private Sector Banks,26,KARNATAKA BANK LTD,923,580,10254,0,0,84152,0,5311239,0,0,0,0,0,0,0,0,872784,1882511,78636,197610,0,0,3920711,19150164,0,0
2024,5,Private Sector Banks,27,KARUR VYSYA BANK LTD,1467,798,8963,0,0,38217,10327,4864406,26795,187973,9958,137148,0,0,785,6132,1093654,2949307,166540,690848,0,0,4467555,22098396,0,0
2024,5,Private Sector Banks,28,KOTAK MAHINDRA BANK LTD,1788,1476,74765,4444,122638,549537,5935815,34461860,13273558,29971901,4723771,43419305,0,0,45462,210507,2440117,5748789,2264052,6006784,0,0,11727234,56162567,0,0
2024,5,Private Sector Banks,29,NAINITAL BANK LTD,0,0,0,0,0,0,0,258864,0,0,0,0,0,0,0,0,17465,35964,5510,13628,0,0,78338,387254,9,8
2024,5,Private Sector Banks,30,RBL BANK LTD,361,36,1415638,0,3429,125071,5232433,1505017,7326654,38981556,3123103,35995020,0,0,43451,174945,187054,518738,103266,691476,74,2221,575243,3009552,0,0
2024,5,Private Sector Banks,31,SOUTH INDIAN BANK,910,407,18116,0,26811,94314,401742,3681090,758970,2920144,759801,5530849,0,0,0,0,1200073,3020803,189646,853263,0,0,2971028,15049951,0,0
2024,5,Private Sector Banks,32,TAMILNAD MERCANTILE BANK LTD,503,659,2192,0,0,141167,32168,2311393,45371,205395,16606,107322,0,0,2256,8850,357803,951667,40072,130472,93,279,4994518,21978979,0,0
2024,5,Private Sector Banks,33,YES BANK LTD,1145,168,75836,100847,271323,445487793,2152111,4876512,5557094,13800327,1037730,12640329,0,0,18391,90508,657304,1707520,182613,930835,45,688,2501525,12716157,2,2
2024,5,Foreign Banks,34,AMERICAN EXPRESS BANKING CORPORATION,0,0,50270,0,0,0,1360555,0,1323556,10976454,3832589,37488309,0,0,0,0,0,0,0,0,0,0,0,0,0,0
2024,5,Foreign Banks,35,BANK OF AMERICA,0,0,0,0,0,0,0,0,0,0,0,0,0,0,0,0,0,0,0,0,0,0,0,0,0,0
2024,5,Foreign Banks,36,BANK OF BAHRAIN & KUWAIT B.S.C.,0,0,0,0,0,0,0,370,0,0,0,0,0,0,0,0,1141,2758,137,4076,0,0,1516,7836,0,0
2024,5,Foreign Banks,37,BARCLAYS BANK PLC,0,0,0,0,1,0,0,773,0,0,0,0,0,0,0,0,81,285,33,153,0,0,397,3642,0,0
2024,5,Foreign Banks,38,CITI BANK,0,0,0,0,0,0,201473,0,143228,812457,242143,4347944,0,0,547,4331,0,0,0,0,0,0,0,0,0,0
2024,5,Foreign Banks,39,DBS INDIA BANK LTD,440,340,551,93,0,6371,486482,1714035,503381,2495261,233704,1948370,0,0,3912,11484,236532,575259,114749,260884,0,0,854713,4547393,0,0
2024,5,Foreign Banks,40,DEUTSCHE BANK LTD,13,2,0,0,0,4,0,112810,0,0,0,0,0,0,0,0,29330,94282,11572,48246,0,0,32691,199323,0,0
2024,5,Foreign Banks,41,DOHA BANK Q.P.S.C.,2,0,0,0,0,0,0,21696,0,0,0,0,0,0,0,0,863,2723,214,578,0,0,2021,11442,0,0
2024,5,Foreign Banks,42,HSBC LTD,46,28,0,0,0,0,682467,746654,844500,2962547,1324148,6145067,0,0,2322,17116,235000,1006998,0,0,0,0,230916,1387385,0,0
2024,5,Foreign Banks,43,KEB HANA BANK,1,0,0,0,0,0,0,1474,0,0,0,0,0,0,0,0,1015,3084,94,133,0,0,340,2255,0,0
2024,5,Foreign Banks,44,KOOKMIN BANK,1,0,0,0,0,0,0,384,0,0,0,0,0,0,0,0,817,2251,286,566,0,0,164,1033,0,0
2024,5,Foreign Banks,45,SBM BANK INDIA LTD,0,0,0,2104,0,0,941456,783148,265334,384276,467424,962917,0,0,4019,15598,7960,20314,9864,25932,0,0,56984,108213,0,0
2024,5,Foreign Banks,46,STANDARD CHARTERED BANK LTD,102,64,0,0,0,0,1028511,1090953,1298747,4486910,1382144,6635217,0,0,2657,16884,401105,1253945,163478,571564,27,568,679893,3513245,0,0
2024,5,Foreign Banks,47,WOORI BANK,0,0,0,0,0,0,0,1170,0,0,0,0,0,0,0,0,2479,8664,1024,2882,0,0,700,5024,0,0
2024,5,Payment Banks,48,AIRTEL PAYMENTS BANK,0,0,0,126572,0,2978708,0,2940669,0,0,0,0,0,0,0,0,32209,23436,225029,263026,0,0,180496,751763,0,0
2024,5,Payment Banks,49,FINO PAYMENTS BANK,0,0,0,422109,0,16618,0,9335641,0,0,0,0,0,0,0,0,147222,318650,10387,15272,0,0,2180857,7077731,119,71
2024,5,Payment Banks,50,INDIA POST PAYMENTS BANK,0,0,0,156505,0,1126005,0,16353298,0,0,0,0,0,0,0,0,0,0,274524,104805,0,0,0,0,0,0
2024,5,Payment Banks,51,JIO PAYMENTS BANK,0,0,0,0,0,60490,0,4298,0,0,0,0,0,0,0,0,5,6,52,133,2,4,3,4,0,0
2024,5,Payment Banks,52,NSDL PAYMENTS BANK,0,0,0,490351,0,0,0,1105909,0,0,0,0,0,0,0,0,1360,1518,46170,39967,0,0,174580,348681,0,0
2024,5,Payment Banks,53,PAYTM PAYMENTS BANK,0,0,0,0,0,0,0,32278975,0,0,0,0,0,0,0,0,693,402,2484,2192,0,0,960,2563,0,0
2024,5,Small Finance Banks,54,AU SMALL FINANCE BANK LTD,688,5,0,839,0,309694,991635,8735374,1110752,7218812,1657890,11457259,1143,621,5072,29625,233918,577387,181927,936249,225,3324,1819076,9920358,119,119
2024,5,Small Finance Banks,55,CAPITAL SMALL FINANCE BANK LTD,177,2,0,0,0,0,0,247179,0,0,0,0,0,0,0,0,28208,94553,4055,18023,0,0,120139,687919,0,0
2024,5,Small Finance Banks,56,EQUITAS SMALL FINANCE BANK LTD,362,4,19603,320,46570,0,0,1839687,0,0,0,0,0,0,0,0,142348,325444,40878,142081,0,0,2760584,7502369,0,0
2024,5,Small Finance Banks,57,ESAF SMALL FINANCE BANK LTD,618,2,0,5275,0,0,0,5731566,0,0,0,0,0,0,0,0,175156,303820,14309,33509,0,0,912915,4450132,21,9
2024,5,Small Finance Banks,58,JANA SMALL FINANCE BANK LTD,59,2,0,152,0,500400,0,3359366,0,0,0,0,0,0,0,0,45826,103905,7999,28166,0,0,401934,1953913,0,0
2024,5,Small Finance Banks,59,NORTH EAST SMALL FINANCE BANK LTD,19,1,0,0,0,0,0,455697,0,0,0,0,0,0,0,0,4404,6296,3048,3296,0,0,61124,243095,31,47
2024,5,Small Finance Banks,60,SHIVALIK SMALL FINANCE BANK LTD,0,0,0,0,0,0,0,75135,0,0,0,0,0,0,0,0,4321,10957,3398,14947,0,0,31529,174503,0,0
2024,5,Small Finance Banks,61,SURYODAY SMALL FINANCE BANK LTD,0,0,0,67,0,0,0,751209,0,0,0,0,0,0,0,0,17369,22803,922,2655,0,0,99710,392902,0,0
2024,5,Small Finance Banks,62,UJJIVAN SMALL FINANCE BANK LTD,602,4,0,0,0,599868,0,7136177,0,0,0,0,0,0,0,0,197000,390471,59457,158299,0,0,3572183,15176229,43,40
2024,5,Small Finance Banks,63,UNITY SMALL FINANCE BANK LTD,232,0,0,0,0,0,0,16250,0,0,0,0,0,0,0,0,2284,3720,49,775,0,0,8320,30060,0,0
2024,5,Small Finance Banks,64,UTKARSH SMALL FINANCE BANK LTD,313,7,0,638,0,37786,384,1746312,448,1522,253,2177,0,0,1,1,30707,69053,12315,36750,34,564,287861,1401700,0,0
2024,5,Small Finance Banks,Total,126741,90591,8804112,1569099,6120597,569084478,103300377,956598286,190657554,638311656,169476905,1011234943,1204,6039,863202,4408349,111434556,297717126,38828237,135878616,118834,2053923,513352410,2587849799,30889,30227,
2024,5,Small Finance Banks,1 Total number of ATMs & CRMs deployed on-site by the bank,,,,,,,,,,,,,,,,,,,,,,,,,,,
2024,5,Small Finance Banks,2 Total number of ATMs & CRMs deployed off-site by the bank,,,,,,,,,,,,,,,,,,,,,,,,,,,
2024,5,Small Finance Banks,3 Total number of PoS terminals deployed by the bank,,,,,,,,,,,,,,,,,,,,,,,,,,,
2024,5,Small Finance Banks,4 Total number of Micro ATMs deployed by the bank,,,,,,,,,,,,,,,,,,,,,,,,,,,
2024,5,Small Finance Banks,5 Total number of Bharat QR Codes deployed by the bank,,,,,,,,,,,,,,,,,,,,,,,,,,,
2024,5,Small Finance Banks,6 Total number of UPI QR Codes deployed by the bank,,,,,,,,,,,,,,,,,,,,,,,,,,,
2024,5,Small Finance Banks,7 Total number of credit cards issued outstanding (after adjusting the number of cards withdrawan/cancelled),,,,,,,,,,,,,,,,,,,,,,,,,,,
2024,5,Small Finance Banks,8 Total number of debit cards issued outstanding (after adjusting the number of cards withdrawan/cancelled),,,,,,,,,,,,,,,,,,,,,,,,,,,
2024,5,Small Finance Banks,9 Total number of financial transactions done by the credit card issued by the bank at PoS terminals,,,,,,,,,,,,,,,,,,,,,,,,,,,
2024,5,Small Finance Banks,10 Total value of financial transactions done by the credit card issued by the bank at PoS terminals,,,,,,,,,,,,,,,,,,,,,,,,,,,
2024,5,Small Finance Banks,11 Total number of financial transactions done by the credit card issued by the bank at online and e-commerce sites,,,,,,,,,,,,,,,,,,,,,,,,,,,
2024,5,Small Finance Banks,12 Total value of financial transactions done by the credit card issued by the bank at online and e-commerce sites,,,,,,,,,,,,,,,,,,,,,,,,,,,
2024,5,Small Finance Banks,13 Total number of other financial transactions done by the credit card issued by the bank (example: Mail-Order and Tele-Order transactions),,,,,,,,,,,,,,,,,,,,,,,,,,,
2024,5,Small Finance Banks,14 Total value of other financial transactions done by the credit card issued by the bank (example: Mail-Order and Tele-Order transactions),,,,,,,,,,,,,,,,,,,,,,,,,,,
2024,5,Small Finance Banks,15 Total number of cash withdrawal transactions done by the credit card issued by the bank at ATMs,,,,,,,,,,,,,,,,,,,,,,,,,,,
2024,5,Small Finance Banks,16 Total value of cash withdrawal transactions done by the credit card issued by the bank at ATMs,,,,,,,,,,,,,,,,,,,,,,,,,,,
2024,5,Small Finance Banks,17 Total number of financial transactions done by the debit card issued by the bank at PoS terminals,,,,,,,,,,,,,,,,,,,,,,,,,,,
2024,5,Small Finance Banks,18 Total value of financial transactions done by the debit card issued by the bank at PoS terminals,,,,,,,,,,,,,,,,,,,,,,,,,,,
2024,5,Small Finance Banks,19 Total number of financial transactions done by the debit card issued by the bank at online and e-commerce sites,,,,,,,,,,,,,,,,,,,,,,,,,,,
2024,5,Small Finance Banks,20 Total value of financial transactions done by the debit card issued by the bank at online and e-commerce sites,,,,,,,,,,,,,,,,,,,,,,,,,,,
2024,5,Small Finance Banks,"21 Total number of other financial transactions done by the debit card issued by the bank (example: debit card transactions done at ATMs viz card to card transactions, Bill Payments, Credit Card Payments, Mobile Recharge etc)",,,,,,,,,,,,,,,,,,,,,,,,,,,
2024,5,Small Finance Banks,"22 Total value of other financial transactions done by the debit card issued by the bank (example: debit card transactions done at ATMs viz card to card transactions, Bill Payments, Credit Card Payments, Mobile Recharge etc)",,,,,,,,,,,,,,,,,,,,,,,,,,,
2024,5,Small Finance Banks,23 Total number of cash withdrawal transactions done by the debit card issued by the bank at ATMs,,,,,,,,,,,,,,,,,,,,,,,,,,,
2024,5,Small Finance Banks,24 Total value of cash withdrawal transactions done by the debit card issued by the bank at ATMs,,,,,,,,,,,,,,,,,,,,,,,,,,,
2024,5,Small Finance Banks,25 Total number of cash withdrawal transactions done by the debit card issued by the bank at PoS terminals,,,,,,,,,,,,,,,,,,,,,,,,,,,
2024,5,Small Finance Banks,26 Total value of cash withdrawal transactions done by the debit card issued by the bank at PoS terminals,,,,,,,,,,,,,,,,,,,,,,,,,,,
