date_key,year,month,month_name,quarter,fiscal_year
202001,2020,1,January,Q1,FY2019-20
202002,2020,2,February,Q1,FY2019-20
202003,2020,3,March,Q1,FY2019-20
202004,2020,4,April,Q2,FY2020-21
202005,2020,5,May,Q2,FY2020-21
202006,2020,6,June,Q2,FY2020-21
202007,2020,7,July,Q3,FY2020-21
202008,2020,8,August,Q3,FY2020-21
202009,2020,9,September,Q3,FY2020-21
202010,2020,10,October,Q4,FY2020-21
202011,2020,11,November,Q4,FY2020-21
202012,2020,12,December,Q4,FY2020-21
202101,2021,1,January,Q1,FY2020-21
202102,2021,2,February,Q1,FY2020-21
202103,2021,3,March,Q1,FY2020-21
202104,2021,4,April,Q2,FY2021-22
202105,2021,5,May,Q2,FY2021-22
202106,2021,6,June,Q2,FY2021-22
202107,2021,7,July,Q3,FY2021-22
202108,2021,8,August,Q3,FY2021-22
202109,2021,9,September,Q3,FY2021-22
202110,2021,10,October,Q4,FY2021-22
202111,2021,11,November,Q4,FY2021-22
202112,2021,12,December,Q4,FY2021-22
202201,2022,1,January,Q1,FY2021-22
202202,2022,2,February,Q1,FY2021-22
202203,2022,3,March,Q1,FY2021-22
202204,2022,4,April,Q2,FY2022-23
202205,2022,5,May,Q2,FY2022-23
202206,2022,6,June,Q2,FY2022-23
202207,2022,7,July,Q3,FY2022-23
202208,2022,8,August,Q3,FY2022-23
202209,2022,9,September,Q3,FY2022-23
202210,2022,10,October,Q4,FY2022-23
202211,2022,11,November,Q4,FY2022-23
202212,2022,12,December,Q4,FY2022-23
202301,2023,1,January,Q1,FY2022-23
202302,2023,2,February,Q1,FY2022-23
202303,2023,3,March,Q1,FY2022-23
202304,2023,4,April,Q2,FY2023-24
202305,2023,5,May,Q2,FY2023-24
202306,2023,6,June,Q2,FY2023-24
202307,2023,7,July,Q3,FY2023-24
202308,2023,8,August,Q3,FY2023-24
202309,2023,9,September,Q3,FY2023-24
202310,2023,10,October,Q4,FY2023-24
202311,2023,11,November,Q4,FY2023-24
202312,2023,12,December,Q4,FY2023-24
202401,2024,1,January,Q1,FY2023-24
202402,2024,2,February,Q1,FY2023-24
202403,2024,3,March,Q1,FY2023-24
202404,2024,4,April,Q2,FY2024-25
202405,2024,5,May,Q2,FY2024-25
202406,2024,6,June,Q2,FY2024-25
202407,2024,7,July,Q3,FY2024-25
202408,2024,8,August,Q3,FY2024-25
202409,2024,9,September,Q3,FY2024-25
202410,2024,10,October,Q4,FY2024-25
202411,2024,11,November,Q4,FY2024-25
202412,2024,12,December,Q4,FY2024-25
